Row #,Facility,TRIF ID,Latitude,Longitude,On-site,Off-site,Total
1,"3M CO - MONROVIA TAPE.1601 S SHAMROCK AVE, MONROVIA CALIFORNIA 91016 (LOS ANGELES)",91016M    1601S,34.134,-117.991,"6,710.00",.,"6,710.00"
 ,TOLUENE, , , ,"5,845.00",.,"5,845.00"
 ,XYLENE (MIXED ISOMERS), , , ,865,.,865
2,"3M DRUG DELIVERY SYSTEMS.19901 NORDHOFF ST, NORTHRIDGE CALIFORNIA 91324 (LOS ANGELES)",91324MRKR 19901,34.232,-118.568,433.6,.,433.6
 ,METHANOL, , , ,433.6,.,433.6
3,"A&A READY MIXED CONCRETE INC.900 E PATTERSON ST, SIGNAL HILL CALIFORNIA 90755 (LOS ANGELES)",9075WRDYMX9EPAT,33.807,-118.182,0,0,0
 ,LEAD COMPOUNDS, , , ,0,0,0
4,"A&A READY MIXED CONCRETE INC.100 E REDONDO BEACH BLVD, GARDENA CALIFORNIA 90248 (LOS ANGELES)",9024WRDYMX1ERED,33.893,-118.276,0,0,0
 ,LEAD COMPOUNDS, , , ,0,0,0
5,"A&A READY MIXED CONCRETE INC.134 W REDONDO BEACH BLVD, GARDENA CALIFORNIA 90248 (LOS ANGELES)",9024WRDYMX134WR,33.893,-118.278,0,0,0
 ,LEAD COMPOUNDS, , , ,0,0,0
6,"AAA PLATING & INSPECTION INC.424 DIXON, COMPTON CALIFORNIA 90222 (LOS ANGELES)",90222PLTNG424DI,33.921,-118.222,"14,400.00",.,"14,400.00"
 ,NITRIC ACID, , , ,"14,400.00",.,"14,400.00"
7,"ACCURATE ENGINEERING CORP.8710 TELFAIR AVE, SUN VALLEY CALIFORNIA 91352 (LOS ANGELES)",91352CCRTN871TE,34.227,-118.387,0,5.5,5.5
 ,COPPER COMPOUNDS, , , ,0,5,5
 ,LEAD COMPOUNDS, , , ,0,0.5,0.5
8,"ACE CLEARWATER ENTERPRISES INC.14105 S GARFIELD AVE, PARAMOUNT CALIFORNIA 90723 (LOS ANGELES)",90723CCLRW14105,33.905,-118.169,0.1809,0.445,0.6259
 ,LEAD, , , ,0.1809,0.445,0.6259
9,"ACTIVE MAGNETIC INSPECTION INC.9356 1/2 SAN FERNANDO RD, UNIT B, SUN VALLEY CALIFORNIA 91352 (LOS ANGELES)",9135WCTVMG93561,34.239,-118.394,0,10,10
 ,CHROMIUM, , , ,0,5,5
 ,NICKEL, , , ,0,5,5
 ,NITRIC ACID, , , ,0,.,0
10,"AERO-ELECTRIC CONNECTOR INC.518 AMAPOLA AVE, TORRANCE CALIFORNIA 90501 (LOS ANGELES)",90501CNSYS548AM,33.843,-118.323,15,121.96,136.96
 ,CHROMIUM, , , ,5,108.29,113.29
 ,LEAD, , , ,0,0,0
 ,NICKEL COMPOUNDS, , , ,5,13.67,18.67
 ,NITRIC ACID, , , ,5,.,5
11,"AEROCRAFT HEAT TREATING CO INC.15701 MINNESOTA AVE, PARAMOUNT CALIFORNIA 90723 (LOS ANGELES)",9072WRCRFT1571M,33.89,-118.167,0,"1,037.00","1,037.00"
 ,CHROMIUM, , , ,0,694,694
 ,COBALT, , , ,0,7,7
 ,COPPER, , , ,0,100,100
 ,NICKEL, , , ,0,236,236
12,"AG LAYNE INC.4578 BRAZIL ST, LOS ANGELES CALIFORNIA 90039 (LOS ANGELES)",90039GLYNN4578B,34.146,-118.275,161,.,161
 ,METHANOL, , , ,80,.,80
 ,TOLUENE, , , ,43,.,43
 ,XYLENE (MIXED ISOMERS), , , ,38,.,38
13,"AIR LIQUIDE INDUSTRIAL USLP.1502 W ANAHEIM ST, WILMINGTON CALIFORNIA 90744 (LOS ANGELES)",90744RLQDC1502W,33.779,-118.284,"10,857.55",.,"10,857.55"
 ,AMMONIA, , , ,"10,857.55",.,"10,857.55"
14,"AIR LIQUIDE LARGE INDUSTRIES US LP - EL SEGUNDO.1310 E EL SEGUNDO BLVD, EL SEGUNDO CALIFORNIA 90245 (LOS ANGELES)",90245RLQDL131EE,33.906,-118.402,"10,008.00",1,"10,009.00"
 ,AMMONIA, , , ,"9,000.00",.,"9,000.00"
 ,ETHYLENE, , , ,10,.,10
 ,METHANOL, , , ,10,.,10
 ,PROPYLENE, , , ,838,.,838
 ,ZINC COMPOUNDS, , , ,150,1,151
15,"AIR PRODUCTS & CHEMICALS INC.700 N HENRY FORD AVE, WILMINGTON CALIFORNIA 90744 (LOS ANGELES)",90744RPRDS700HE,33.781,-118.241,"9,067.00",.,"9,067.00"
 ,AMMONIA, , , ,"8,421.00",.,"8,421.00"
 ,METHANOL, , , ,489,.,489
 ,N-HEXANE, , , ,95,.,95
 ,PROPYLENE, , , ,62,.,62
16,"AIR PRODUCTS & CHEMICALS INC.23300 S ALAMEDA ST, CARSON CALIFORNIA 90810 (LOS ANGELES)",90810RPRDS23300,33.813,-118.231,"41,062.94",0,"41,062.94"
 ,AMMONIA, , , ,"30,042.00",.,"30,042.00"
 ,CHROMIUM COMPOUNDS(EXCEPT CHROMITE ORE MINED IN THE TRANSVAAL REGION), , , ,0.184,0,0.184
 ,METHANOL, , , ,"11,020.00",.,"11,020.00"
 ,NICKEL COMPOUNDS, , , ,0.269,0,0.269
 ,ZINC COMPOUNDS, , , ,0.4912,0,0.4912
17,"AIR PRODUCTS & CHEMICALS INC.3305 E 26TH ST, LOS ANGELES CALIFORNIA 90058 (LOS ANGELES)",90023PCFCN3305E,34.013,-118.213,"11,181.96",.,"11,181.96"
 ,"1,3-PHENYLENEDIAMINE", , , ,0.19,.,0.19
 ,"4,4'-ISOPROPYLIDENEDIPHENOL", , , ,0,.,0
 ,"4,4'-METHYLENEDIANILINE", , , ,0,.,0
 ,DIAMINOTOLUENE (MIXED ISOMERS), , , ,0.12,.,0.12
 ,ETHYLENE GLYCOL, , , ,0.03,.,0.03
 ,FORMALDEHYDE, , , ,515.97,.,515.97
 ,METHANOL, , , ,"10,071.00",.,"10,071.00"
 ,METHYL ISOBUTYL KETONE, , , ,470.85,.,470.85
 ,N-BUTYL ALCOHOL, , , ,34.27,.,34.27
 ,O-XYLENE, , , ,31.36,.,31.36
 ,PHENOL, , , ,4.54,.,4.54
 ,SEC-BUTYL ALCOHOL, , , ,53.63,.,53.63
18,"AIRCRAFT X-RAY LABORATORIES INC.5216 PACIFIC BLVD, HUNTINGTON PARK CALIFORNIA 90255 (LOS ANGELES)",90255RCRFT5216P,33.995,-118.225,185,.,185
 ,NITRIC ACID, , , ,185,.,185
19,"AIRGAS DRY ICE.2535 DEL AMO BLVD, TORRANCE CALIFORNIA 90503 (LOS ANGELES)",90503RGSDR3535D,33.847,-118.333,"12,380.00",.,"12,380.00"
 ,AMMONIA, , , ,"12,380.00",.,"12,380.00"
20,"AIRGAS USA LLC.1340 E MISSION BLVD, POMONA CALIFORNIA 91766 (LOS ANGELES)",91766RGSWS1340E,34.055,-117.729,4.47,.,4.47
 ,PROPYLENE, , , ,4.47,.,4.47
21,"AIRGAS USA LLC.11711 S ALAMEDA ST, LOS ANGELES CALIFORNIA 90059 (LOS ANGELES)",90055SCLRG11711,33.927,-118.226,53.63,.,53.63
 ,PROPYLENE, , , ,53.63,.,53.63
22,"ALCO CAD-NICKEL PLATING CORP.1400 LONG BEACH AVE, LOS ANGELES CALIFORNIA 90021 (LOS ANGELES)",90021LCCDN1400L,34.026,-118.241,255,5,260
 ,NICKEL COMPOUNDS, , , ,255,5,260
23,"ALCOA FASTENING SYSTEMS.3000 W LOMITA BLVD, TORRANCE CALIFORNIA 90505 (LOS ANGELES)",90505RXNRD3000W,33.811,-118.339,5.04,"2,730.51","2,735.55"
 ,CHROMIUM, , , ,0,"1,100.00","1,100.00"
 ,LEAD COMPOUNDS, , , ,0.04,0.51,0.55
 ,NICKEL, , , ,0,"1,630.00","1,630.00"
 ,NITRIC ACID, , , ,5,.,5
24,"ALCOA GLOBAL FASTENERS INC.135 N UNRUH AVE, CITY OF INDUSTRY CALIFORNIA 91744 (LOS ANGELES)",91744LCGLB135NU,34.029,-117.964,760,385.3,"1,145.30"
 ,CHROMIUM, , , ,360,106.6,466.6
 ,NICKEL, , , ,400,278.7,678.7
25,"ALERT PLATING CO.9939 GLENOAKS BLVD, SUN VALLEY CALIFORNIA 91352 (LOS ANGELES)",91352LRTPL9939G,34.251,-118.388,10,.,10
 ,NITRATE COMPOUNDS, , , ,0,.,0
 ,NITRIC ACID, , , ,10,.,10
26,"ALLFAST FASTENING SYSTEMS INC.15200 DON JULIAN RD, CITY OF INDUSTRY CALIFORNIA 91745 (LOS ANGELES)",91745LLFST152DN,34.021,-117.969,0,505,505
 ,COPPER, , , ,0,255,255
 ,NICKEL, , , ,0,250,250
 ,NITRIC ACID, , , ,0,.,0
27,"ALLOY PROCESSING.1900 W WALNUT ST, COMPTON CALIFORNIA 90220 (LOS ANGELES)",9022WLLYPR19WWA,33.875,-118.247,37.122,14.7597,51.8817
 ,COPPER, , , ,0,14.7597,14.7597
 ,NITRATE COMPOUNDS, , , ,0,.,0
 ,NITRIC ACID, , , ,37.122,.,37.122
28,"ALTA-DENA CERTIFIED DAIRY LLC.17851 E RAILROAD ST, CITY OF INDUSTRY CALIFORNIA 91748 (LOS ANGELES)",91748SNTDR17851,33.997,-117.915,5,.,5
 ,NITRATE COMPOUNDS, , , ,0,.,0
 ,NITRIC ACID, , , ,5,.,5
29,"ALTA-DENA CERTIFIED DAIRY LLC.17637 E VALLEY BLVD, CITY OF INDUSTRY CALIFORNIA 91744 (LOS ANGELES)",91744LTDNC17637,34.008,-117.917,5,.,5
 ,NITRATE COMPOUNDS, , , ,0,.,0
 ,NITRIC ACID, , , ,5,.,5
30,"AMERICAN POLYMERS CORP DBA POLYCOAT PRODUCTS.14722 SPRING AVE, SANTA FE SPRINGS CALIFORNIA 90670 (LOS ANGELES)",90670MRCNP14722,33.897,-118.039,0,0,0
 ,"1,2,4-TRIMETHYLBENZENE", , , ,NA,NA,NA
 ,DIISOCYANATES, , , ,0,.,0
 ,ETHYLENE GLYCOL, , , ,NA,NA,NA
 ,MERCURY COMPOUNDS, , , ,0,0,0
 ,N-METHYL-2-PYRROLIDONE, , , ,NA,NA,NA
 ,TOLUENE DIISOCYANATE (MIXED ISOMERS), , , ,0,.,0
31,"AMERICAN RENOLIT CORP LA.6900 ELM ST, CITY OF COMMERCE CALIFORNIA 90040 (LOS ANGELES)",90040LLYNC6900E,33.991,-118.134,255,.,255
 ,DI(2-ETHYLHEXYL) PHTHALATE, , , ,255,.,255
32,"AMERICAS STYRENICS LLC.305 CRENSHAW BLVD, TORRANCE CALIFORNIA 90503 (LOS ANGELES)",90503MRCSS35CRE,33.846,-118.332,"6,035.00","24,341.00","30,376.00"
 ,ETHYLBENZENE, , , ,"1,181.00",.,"1,181.00"
 ,STYRENE, , , ,"4,791.00",.,"4,791.00"
 ,ZINC COMPOUNDS, , , ,63,"24,341.00","24,404.00"
33,"AMERICH CORP.13212 SATICOY ST, NORTH HOLLYWOOD CALIFORNIA 91605 (LOS ANGELES)",91605MRCHC13222,34.208,-118.421,"16,222.00",.,"16,222.00"
 ,STYRENE, , , ,"16,222.00",.,"16,222.00"
34,"AMVAC CHEMICAL CORP.4100 E WASHINGTON BLVD, LOS ANGELES CALIFORNIA 90023 (LOS ANGELES)",90023MVCCH4100E,34.009,-118.188,"2,650.00",.,"2,650.00"
 ,"2,4-D ISOPROPYL ESTER", , , ,NA,NA,NA
 ,CARBON DISULFIDE, , , ,0,.,0
 ,CHLOROMETHANE, , , ,NA,NA,NA
 ,DICHLOROMETHANE, , , ,NA,NA,NA
 ,DICHLORVOS, , , ,NA,NA,NA
 ,HYDROCHLORIC ACID (1995 AND AFTER ACID AEROSOLS ONLY), , , ,"2,650.00",.,"2,650.00"
 ,METHAM SODIUM, , , ,0,.,0
 ,NALED, , , ,NA,NA,NA
 ,NAPHTHALENE, , , ,NA,NA,NA
 ,PERMETHRIN, , , ,NA,NA,NA
 ,POTASSIUM N-METHYLDITHIOCARBAMATE, , , ,0,.,0
35,"ANAPLEX CORP.15547 GARFIELD AVE, PARAMOUNT CALIFORNIA 90723 (LOS ANGELES)",90723NPLXC15547,33.892,-118.169,0,.,0
 ,LEAD, , , ,0,.,0
36,"ANHEUSER-BUSCH LLC.15800 ROSCOE BLVD, VAN NUYS CALIFORNIA 91406 (LOS ANGELES)",91406NHSRB15800,34.22,-118.479,"4,869.00",.,"4,869.00"
 ,AMMONIA, , , ,"4,869.00",.,"4,869.00"
 ,NITRATE COMPOUNDS, , , ,0,.,0
 ,NITRIC ACID, , , ,0,.,0
37,"ANODIZING INDUSTRIES INC.5222 ALHAMBRA AVE, LOS ANGELES CALIFORNIA 90032 (LOS ANGELES)",9003WNDZNG5222A,34.074,-118.172,5,5,10
 ,NITRIC ACID, , , ,5,5,10
38,"AQUAFINE CORP.29010 AVE PAINE, VALENCIA CALIFORNIA 91355 (LOS ANGELES)",9135WQFNCR291AV,34.446,-118.634,2.25,"1,388.05","1,390.30"
 ,CHROMIUM, , , ,1.47,869.03,870.5
 ,NICKEL, , , ,0.78,519.02,519.8
39,"ARCADIA INC.3225 E WASHINGTON BLVD, VERNON CALIFORNIA 90058 (LOS ANGELES)",90023RCDNC3225E,34.014,-118.209,"2,447.00",.,"2,447.00"
 ,CERTAIN GLYCOL ETHERS, , , ,582,.,582
 ,DIMETHYL PHTHALATE, , , ,556,.,556
 ,TOLUENE, , , ,935,.,935
 ,XYLENE (MIXED ISOMERS), , , ,374,.,374
40,"ARDAGH METAL PACKAGING USA INC.936 BARRACUDA ST, TERMINAL ISLAND CALIFORNIA 90731 (LOS ANGELES)",90731MPRSS936BA,33.738,-118.264,"17,900.00",5,"17,905.00"
 ,"1,2,4-TRIMETHYLBENZENE", , , ,"2,650.00",.,"2,650.00"
 ,CERTAIN GLYCOL ETHERS, , , ,"8,550.00",5,"8,555.00"
 ,N-BUTYL ALCOHOL, , , ,"3,850.00",.,"3,850.00"
 ,TOLUENE, , , ,"1,000.00",.,"1,000.00"
 ,XYLENE (MIXED ISOMERS), , , ,"1,850.00",.,"1,850.00"
41,"ARKEMA COATING RESINS PLANT.19206 HAWTHORNE BLVD, TORRANCE CALIFORNIA 90503 (LOS ANGELES)",90503NNCRB19206,33.856,-118.35,"2,565.00","1,060.00","3,625.00"
 ,ACRYLAMIDE, , , ,NA,NA,NA
 ,ACRYLIC ACID, , , ,NA,NA,NA
 ,BUTYL ACRYLATE, , , ,500,250,750
 ,METHYL METHACRYLATE, , , ,500,.,500
 ,PROPYLENEIMINE, , , ,NA,NA,NA
 ,STYRENE, , , ,65,60,125
 ,VINYL ACETATE, , , ,"1,500.00",750,"2,250.00"
42,"ARMORCAST PRODUCTS CO.13030 RAYMER ST, NORTH HOLLYWOOD CALIFORNIA 91605 (LOS ANGELES)",91605RMRCS13030,34.205,-118.417,"1,982.00",.,"1,982.00"
 ,STYRENE, , , ,"1,982.00",.,"1,982.00"
43,"ARMORCAST PRODUCTS CO.13230 SATICOY ST, NORTH HOLLYWOOD CALIFORNIA 91605 (LOS ANGELES)",91605RMRCS13230,34.208,-118.421,"15,330.00",.,"15,330.00"
 ,STYRENE, , , ,"15,330.00",.,"15,330.00"
44,"ARMSTRONG WORLD INDUSTRIES INC.5037 PATATA ST, SOUTH GATE CALIFORNIA 90280 (LOS ANGELES)",90280RMSTR5037P,33.956,-118.176,8.2194,9.69,17.9094
 ,LEAD, , , ,0.2994,1.02,1.3194
 ,ZINC COMPOUNDS, , , ,7.92,8.67,16.59
45,"ARNCO.5141 FIRESTONE PL, SOUTH GATE CALIFORNIA 90280 (LOS ANGELES)",90280RNC  5141F,33.952,-118.176,6,0,6
 ,DIISOCYANATES, , , ,5,.,5
 ,MERCURY COMPOUNDS, , , ,1,0,1
46,"ARROWHEAD BRASS & PLUMBING LLC.5142 ALHAMBRA AVE, LOS ANGELES CALIFORNIA 90032 (LOS ANGELES)",90032RRWHD5142A,34.072,-118.174,12.62,"3,635.75","3,648.37"
 ,COPPER COMPOUNDS, , , ,4.79,"1,131.25","1,136.04"
 ,LEAD COMPOUNDS, , , ,2.52,501,503.52
 ,ZINC COMPOUNDS, , , ,5.31,"2,003.50","2,008.81"
47,"ASHLAND SPECIALTY CHEMICAL CO.6608 E 26TH ST, COMMERCE CALIFORNIA 90040 (LOS ANGELES)",90040SHLND6608E,33.983,-118.133,"6,265.00",.,"6,265.00"
 ,"1,2,4-TRIMETHYLBENZENE", , , ,NA,NA,NA
 ,"4,4'-ISOPROPYLIDENEDIPHENOL", , , ,NA,NA,NA
 ,COBALT COMPOUNDS, , , ,NA,NA,NA
 ,DICYCLOPENTADIENE, , , ,187,.,187
 ,DIISOCYANATES, , , ,NA,NA,NA
 ,ETHYLENE GLYCOL, , , ,3,.,3
 ,MALEIC ANHYDRIDE, , , ,32,.,32
 ,METHYL METHACRYLATE, , , ,NA,NA,NA
 ,"N,N-DIMETHYLANILINE", , , ,NA,NA,NA
 ,PHTHALIC ANHYDRIDE, , , ,34,.,34
 ,STYRENE, , , ,"6,009.00",.,"6,009.00"
 ,TETRABROMOBISPHENOL A, , , ,0,.,0
48,"ASPHALT PRODUCTS OIL CORP.5903 PARAMOUNT BLVD, LONG BEACH CALIFORNIA 90805 (LOS ANGELES)",90808SPHLT5903P,33.862,-118.16,NA,NA,NA
 ,"1,2,4-TRIMETHYLBENZENE", , , ,NA,NA,NA
49,"ASSOCIATED READY MIXED CONCRETE - SANTA MONICA.1620 19TH ST, SANTA MONICA CALIFORNIA 90404 (LOS ANGELES)",90404STNDR16219,34.025,-118.477,0,0,0
 ,LEAD COMPOUNDS, , , ,0,0,0
50,"ASSOCIATED READY MIXED CONCRETE INC.2730 E WASHINGTON BLVD, LOS ANGELES CALIFORNIA 90023 (LOS ANGELES)",9002WSSCTD273EW,34.017,-118.223,0,0,0
 ,LEAD COMPOUNDS, , , ,0,0,0
51,"ASSOCIATED READY MIXED CONCRETE INC.8946 BRADLEY AVE, SUN VALLEY CALIFORNIA 91352 (LOS ANGELES)",9135WSSCTD8946B,34.231,-118.378,0,0,0
 ,LEAD COMPOUNDS, , , ,0,0,0
52,"ATLAS GALVANIZING LLC.2639 LEONIS BLVD, VERNON CALIFORNIA 90058 (LOS ANGELES)",90058TLSGL2639L,34,-118.224,250,"7,875.00","8,125.00"
 ,ZINC COMPOUNDS, , , ,250,"7,875.00","8,125.00"
53,"AUTOMATION PLATING CORP.927 THOMPSON AVE, GLENDALE CALIFORNIA 91201 (LOS ANGELES)",91201TMTNP927TH,34.17,-118.295,5,0,5
 ,NITRIC ACID, , , ,5,0,5
54,"AVIATION REPAIR SOLUTIONS INC.1480 CANAL AVE, LONG BEACH CALIFORNIA 90813 (LOS ANGELES)",90813SCHRM1480C,33.785,-118.213,0,824.56,824.56
 ,LEAD COMPOUNDS, , , ,0,824.56,824.56
55,"AVIBANK MANUFACTURING INC.11500 SHERMAN WAY, NORTH HOLLYWOOD CALIFORNIA 91605 (LOS ANGELES)",9160WVBNKM115SH,34.201,-118.382,0,0,0
 ,CHROMIUM COMPOUNDS(EXCEPT CHROMITE ORE MINED IN THE TRANSVAAL REGION), , , ,0,0,0
 ,COPPER COMPOUNDS, , , ,0,0,0
 ,NICKEL COMPOUNDS, , , ,0,0,0
56,"AVK INDUSTRIAL PRODUCTS.25323 RYE CANYON RD, VALENCIA CALIFORNIA 91355 (LOS ANGELES)",91335VKNDS25323,34.437,-118.578,0,0,0
 ,CHROMIUM COMPOUNDS(EXCEPT CHROMITE ORE MINED IN THE TRANSVAAL REGION), , , ,0,0,0
 ,COPPER COMPOUNDS, , , ,0,0,0
 ,NICKEL COMPOUNDS, , , ,0,0,0
57,"BACHEM AMERICAS INC.3132 KASHIWA ST, TORRANCE CALIFORNIA 90505 (LOS ANGELES)",90505BCHMN3132K,33.815,-118.34,40,.,40
 ,ACETONITRILE, , , ,10,.,10
 ,DICHLOROMETHANE, , , ,10,.,10
 ,METHANOL, , , ,10,.,10
 ,"N,N-DIMETHYLFORMAMIDE", , , ,0,.,0
 ,N-METHYL-2-PYRROLIDONE, , , ,10,.,10
58,"BARRY AVENUE PLATING CO.2210 BARRY AVE, LOS ANGELES CALIFORNIA 90064 (LOS ANGELES)",90064BRRYV2210B,34.035,-118.446,142.43,.,142.43
 ,NITRIC ACID, , , ,142.43,.,142.43
59,"BAXTER BIOSCIENCE LOS ANGELES PLANT.4501 COLORADO BLVD, LOS ANGELES CALIFORNIA 90039 (LOS ANGELES)",90039BXTRH4501W,34.142,-118.27,"4,936.00","3,692.00","8,628.00"
 ,ETHYLENE GLYCOL, , , ,"1,234.00",.,"1,234.00"
 ,METHANOL, , , ,779,"2,784.00","3,563.00"
 ,PERACETIC ACID, , , ,"2,923.00",908,"3,831.00"
60,"BERG LACQUER CO.3150 E PICO BLVD, LOS ANGELES CALIFORNIA 90023 (LOS ANGELES)",90023BRGLC3150E,34.018,-118.212,133.19,"64,651.34","64,784.53"
 ,ACETONITRILE, , , ,12.66,"37,210.00","37,222.66"
 ,DICHLOROMETHANE, , , ,2.66,.,2.66
 ,ETHYLBENZENE, , , ,1.06,.,1.06
 ,ETHYLENE GLYCOL, , , ,10.66,237.64,248.3
 ,LEAD, , , ,0,164.96,164.96
 ,METHANOL, , , ,57.03,"24,806.74","24,863.77"
 ,METHYL ISOBUTYL KETONE, , , ,4,.,4
 ,"N,N-DIMETHYLFORMAMIDE", , , ,12.7,.,12.7
 ,N-HEXANE, , , ,1.4,.,1.4
 ,STYRENE, , , ,4.95,.,4.95
 ,TETRACHLOROETHYLENE, , , ,1.09,.,1.09
 ,TOLUENE, , , ,8.5,.,8.5
 ,TOLUENE, , , ,4.11,"1,240.00","1,244.11"
 ,XYLENE (MIXED ISOMERS), , , ,2.62,.,2.62
 ,XYLENE (MIXED ISOMERS), , , ,9.75,992,"1,001.75"
61,"BODYCOTE THERMAL PROCESSING.3370 BENEDICT WAY, HUNTINGTON PARK CALIFORNIA 90255 (LOS ANGELES)",90255NDSTR3370B,33.982,-118.205,"2,188.00",.,"2,188.00"
 ,AMMONIA, , , ,"2,188.00",.,"2,188.00"
62,"BOWMAN PLATING CO INC.2631 E 126TH ST, COMPTON CALIFORNIA 90222 (LOS ANGELES)",90222BWMNP2631E,33.918,-118.225,0,.,0
 ,NITRIC ACID, , , ,0,.,0
63,"BRENNTAG PACIFIC INC.4545 ARDINE ST, SOUTH GATE CALIFORNIA 90280 (LOS ANGELES)",90280LSNGL4545A,33.957,-118.189,29.79,"2,354.00","2,383.79"
 ,CERTAIN GLYCOL ETHERS, , , ,12.55,734,746.55
 ,COPPER COMPOUNDS, , , ,NA,NA,NA
 ,ETHYLENE GLYCOL, , , ,8.68,539,547.68
 ,MANGANESE COMPOUNDS, , , ,NA,NA,NA
 ,NITRATE COMPOUNDS, , , ,NA,NA,NA
 ,NITRIC ACID, , , ,8.56,"1,081.00","1,089.56"
 ,SODIUM NITRITE, , , ,NA,NA,NA
 ,ZINC COMPOUNDS, , , ,NA,NA,NA
64,"BRENNTAG PACIFIC INC.10747 PATTERSON PL, SANTA FE SPRINGS CALIFORNIA 90670 (LOS ANGELES)",90670BRNNT10747,33.937,-118.06,93.53,"4,883.00","4,976.53"
 ,"1,2,4-TRIMETHYLBENZENE", , , ,NA,NA,NA
 ,AMMONIA, , , ,NA,NA,NA
 ,CERTAIN GLYCOL ETHERS, , , ,6.31,586,592.31
 ,DIETHANOLAMINE, , , ,NA,NA,NA
 ,ETHYLBENZENE, , , ,NA,NA,NA
 ,ETHYLENE GLYCOL, , , ,13.87,292,305.87
 ,FORMALDEHYDE, , , ,NA,NA,NA
 ,HYDROGEN FLUORIDE, , , ,NA,NA,NA
 ,METHANOL, , , ,39.4,"1,469.00","1,508.40"
 ,METHYL ISOBUTYL KETONE, , , ,NA,NA,NA
 ,"N,N-DIMETHYLFORMAMIDE", , , ,25.27,548,573.27
 ,N-BUTYL ALCOHOL, , , ,NA,NA,NA
 ,N-HEXANE, , , ,NA,NA,NA
 ,N-METHYL-2-PYRROLIDONE, , , ,0.78,659,659.78
 ,NAPHTHALENE, , , ,NA,NA,NA
 ,NITRIC ACID, , , ,NA,NA,NA
 ,TETRACHLOROETHYLENE, , , ,NA,NA,NA
 ,TOLUENE, , , ,6.8,497,503.8
 ,XYLENE (MIXED ISOMERS), , , ,1.1,832,833.1
65,"BRIDGESTONE BANDAG LLC LONG BEACH PLANT.2500 THOMPSON ST, LONG BEACH CALIFORNIA 90805 (LOS ANGELES)",90805MSTRP2500T,33.88,-118.163,954,436.5,"1,390.50"
 ,2-MERCAPTOBENZOTHIAZOLE, , , ,NA,NA,NA
 ,ZINC COMPOUNDS, , , ,954,436.5,"1,390.50"
66,"BROWN-PACIFIC INC.13639 E BORA DR, SANTA FE SPRINGS CALIFORNIA 90670 (LOS ANGELES)",90670BRWNP13639,33.905,-118.04,15,17.9,32.9
 ,CHROMIUM, , , ,0,0.9,0.9
 ,COPPER, , , ,0,6.1,6.1
 ,NICKEL, , , ,0,10.9,10.9
 ,NITRATE COMPOUNDS, , , ,5,.,5
 ,NITRIC ACID, , , ,10,.,10
67,"CAL METAL X.366 E 58TH ST  ATTN PARCEL 5100-007-003, LOS ANGELES CALIFORNIA 90011 (LOS ANGELES)",90011CLFRN366E5,33.99,-118.269,7.26,.,7.26
 ,COPPER, , , ,7.26,.,7.26
68,"CALIFORNIA AMFORGE CORP.750 N VERNON AVE, AZUSA CALIFORNIA 91702 (LOS ANGELES)",91702CLFRN750NV,34.136,-117.916,NA,NA,NA
 ,CHROMIUM COMPOUNDS(EXCEPT CHROMITE ORE MINED IN THE TRANSVAAL REGION), , , ,NA,NA,NA
 ,COBALT COMPOUNDS, , , ,NA,NA,NA
 ,COPPER COMPOUNDS, , , ,NA,NA,NA
 ,MANGANESE COMPOUNDS, , , ,NA,NA,NA
 ,NICKEL COMPOUNDS, , , ,NA,NA,NA
69,"CALIFORNIA DAIRIES INC ARTESIA.11709 ARTESIA BLVD, ARTESIA CALIFORNIA 90701 (LOS ANGELES)",90701CLFRN11709,33.874,-118.084,0,.,0
 ,NITRATE COMPOUNDS, , , ,0,.,0
 ,NITRIC ACID, , , ,0,.,0
70,"CALIFORNIA EXPANDED METALS CO.263 N COVINA LN, CITY OF INDUSTRY CALIFORNIA 91744 (LOS ANGELES)",91744CLFRN263CO,34.056,-118,0,.,0
 ,LEAD, , , ,0,.,0
71,"CALPORTLAND CO ALAMEDA PLANT.1862 E 27TH ST, LOS ANGELES CALIFORNIA 90058 (LOS ANGELES)",90058CTLNP1862E,34.013,-118.237,0,0,0
 ,LEAD COMPOUNDS, , , ,0,0,0
72,"CALPORTLAND CO LAX PLANT.5299 W 111TH ST, LOS ANGELES CALIFORNIA 90045 (LOS ANGELES)",90045CTLNP5299W,33.935,-118.372,0,0,0
 ,LEAD COMPOUNDS, , , ,0,0,0
73,"CALPORTLAND CO LIVE OAK PLANT.590 E LIVE OAK AVE, IRWINDALE CALIFORNIA 91706 (LOS ANGELES)",9170WCLPRT59ELI,34.113,-117.994,0,0,0
 ,LEAD COMPOUNDS, , , ,0,0,0
74,"CALPORTLAND CO NORMANDIE PLANT.19030 S NORMANDIE AVE, TORRANCE CALIFORNIA 90502 (LOS ANGELES)",90502CTLNP193SN,33.858,-118.299,0,0,0
 ,LEAD COMPOUNDS, , , ,0,0,0
75,"CALPORTLAND CO SILVERLAKE PLANT.6001 FOREST LAWN DR, LOS ANGELES CALIFORNIA 90068 (LOS ANGELES)",9006WCLPRT61FRE,34.153,-118.32,0,.,0
 ,LEAD COMPOUNDS, , , ,0,.,0
76,"CALPORTLAND CO SUN VALLEY PLANT.8981 BRADLEY AVE, SUN VALLEY CALIFORNIA 91352 (LOS ANGELES)",91352CTLNP8981B,34.232,-118.379,0,0,0
 ,LEAD COMPOUNDS, , , ,0,0,0
77,"CALPORTLAND CO WEST LA PLANT.11122 W PICO BLVD, LOS ANGELES CALIFORNIA 90064 (LOS ANGELES)",90064CTLNP11122,34.037,-118.436,0,0,0
 ,LEAD COMPOUNDS, , , ,0,0,0
78,"CARDINAL INDUSTRIAL FINISHES.1329 POTRERO AVE, SOUTH EL MONTE CALIFORNIA 91733 (LOS ANGELES)",91733CRDNL1329P,34.044,-118.056,192,.,192
 ,TOLUENE, , , ,111.4,.,111.4
 ,XYLENE (MIXED ISOMERS), , , ,80.6,.,80.6
79,"CARLTON FORGE WORKS.7743 E ADAMS ST, PARAMOUNT CALIFORNIA 90723 (LOS ANGELES)",90723CRLTN7743E,33.895,-118.164,63,7,70
 ,CHROMIUM, , , ,16,2,18
 ,COBALT, , , ,4,0,4
 ,COPPER, , , ,8,0,8
 ,NICKEL, , , ,35,5,40
80,"CARROLL CO  CALIFORNIA DIV.11641 PIKE ST, SANTA FE SPRINGS CALIFORNIA 90670 (LOS ANGELES)",90670GRWGR11641,33.956,-118.074,NA,NA,NA
 ,CERTAIN GLYCOL ETHERS, , , ,NA,NA,NA
81,"CAST-RITE CORP.515 E AIRLINE WAY, GARDENA CALIFORNIA 90248 (LOS ANGELES)",90248CSTRT515EA,33.888,-118.267,0,0,0
 ,COPPER, , , ,0,0,0
82,"CCI INC.3540 E 26TH ST, VERNON CALIFORNIA 90058 (LOS ANGELES)",90023CHRKC3540E,34.012,-118.208,0,.,0
 ,NITRIC ACID, , , ,0,.,0
 ,SODIUM DIMETHYLDITHIOCARBAMATE, , , ,0,.,0
83,"CEMEX COMPTON PLANT.2722 N ALAMEDA ST, COMPTON CALIFORNIA 90222 (LOS ANGELES)",90222CMXCN2722N,33.917,-118.223,0,7.7,7.7
 ,LEAD COMPOUNDS, , , ,0,7.7,7.7
84,"CEMEX HOLLYWOOD PLANT.1000 N LA BREA AVE, WEST HOLLYWOOD CALIFORNIA 90038 (LOS ANGELES)",90038CMXCN1NLAB,34.089,-118.344,0,25.7,25.7
 ,LEAD COMPOUNDS, , , ,0,25.7,25.7
85,"CEMEX INGLEWOOD PLANT.505 RAILROAD PL., INGLEWOOD CALIFORNIA 90302 (LOS ANGELES)",90301CMXCN55RAI,33.967,-118.365,0,40.1,40.1
 ,LEAD COMPOUNDS, , , ,0,40.1,40.1
86,"CEMEX LOS ANGELES PLANT.625 LAMAR, LOS ANGELES CALIFORNIA 90031 (LOS ANGELES)",90031CMXCN625LA,34.066,-118.223,0,17.4,17.4
 ,LEAD COMPOUNDS, , , ,0,17.4,17.4
87,"CERTIFIED ALLOY PRODUCTS INC.3245 CHERRY AVE, LONG BEACH CALIFORNIA 90807 (LOS ANGELES)",90801CRTFD3245C,33.816,-118.169,30,.,30
 ,CHROMIUM, , , ,10,.,10
 ,COBALT, , , ,10,.,10
 ,NICKEL, , , ,10,.,10
88,"CERTIFIED ENAMELING INC.3342 EMERY ST, LOS ANGELES CALIFORNIA 90023 (LOS ANGELES)",90023CRTFD3342E,34.016,-118.207,"1,217.00",.,"1,217.00"
 ,CERTAIN GLYCOL ETHERS, , , ,510,.,510
 ,DIMETHYL PHTHALATE, , , ,142,.,142
 ,TOLUENE, , , ,283,.,283
 ,XYLENE (MIXED ISOMERS), , , ,282,.,282
89,"CHEMETALL US INC (FKA OAKITE PRODUCTS INC).16961 KNOTT AVE, LA MIRADA CALIFORNIA 90638 (LOS ANGELES)",90638RDRXN16961,33.878,-118.013,NA,NA,NA
 ,CERTAIN GLYCOL ETHERS, , , ,NA,NA,NA
90,"CHEMOIL CORP.1004 PIER F AVE, LONG BEACH CALIFORNIA 90802 (LOS ANGELES)",90802LNGBC1004P,33.752,-118.209,575.85229,153.19,729.04229
 ,"1,2,4-TRIMETHYLBENZENE", , , ,58.99,9.59,68.58
 ,ARSENIC, , , ,0.0021,37.31,37.3121
 ,BENZENE, , , ,36.665,.,36.665
 ,BIPHENYL, , , ,0.243,.,0.243
 ,CHLORINE, , , ,0.803,.,0.803
 ,CHROMIUM, , , ,0.00226,3,3.00226
 ,COBALT, , , ,0.01029,2.1,2.11029
 ,COPPER, , , ,0.00328,9.15,9.15328
 ,ETHYLBENZENE, , , ,36.662,1.01,37.672
 ,LEAD COMPOUNDS, , , ,0.00866,3.42,3.42866
 ,MERCURY COMPOUNDS, , , ,0.0002,0,0.0002
 ,N-HEXANE, , , ,24.935,.,24.935
 ,NAPHTHALENE, , , ,17.43,.,17.43
 ,NICKEL, , , ,0.1603,9.54,9.7003
 ,PHENANTHRENE, , , ,0.275,.,0.275
 ,PHENOL, , , ,1.393,.,1.393
 ,POLYCYCLIC AROMATIC COMPOUNDS, , , ,69.279,69.93,139.209
 ,STYRENE, , , ,0.0702,.,0.0702
 ,TOLUENE, , , ,164.44,1.17,165.61
 ,XYLENE (MIXED ISOMERS), , , ,164.48,6.97,171.45
91,"CHEMOIL TERMINALS CORP.2365 E SEPULVEDA BLVD, LONG BEACH CALIFORNIA 90810 (LOS ANGELES)",90810CRSNT2365E,33.805,-118.226,"2,348.13",0,"2,348.13"
 ,"1,2,4-TRIMETHYLBENZENE", , , ,207.48,.,207.48
 ,ANTIMONY, , , ,0,0,0
 ,ARSENIC, , , ,0.01,0,0.01
 ,BENZENE, , , ,142.34,.,142.34
 ,BERYLLIUM, , , ,0.001,0,0.001
 ,BIPHENYL, , , ,1.547,.,1.547
 ,CADMIUM, , , ,0.001,0,0.001
 ,CHLORINE, , , ,3.5163,.,3.5163
 ,CHROMIUM, , , ,0.01,0,0.01
 ,CYCLOHEXANE, , , ,28.07,.,28.07
 ,ETHYLBENZENE, , , ,133.41,.,133.41
 ,LEAD COMPOUNDS, , , ,0.00018,0,0.00018
 ,MANGANESE, , , ,0.00942,0,0.00942
 ,MERCURY COMPOUNDS, , , ,0.00863,0,0.00863
 ,N-HEXANE, , , ,117.49,.,117.49
 ,NAPHTHALENE, , , ,65.85,.,65.85
 ,NICKEL, , , ,0.7704,0,0.7704
 ,PHENANTHRENE, , , ,0.461,.,0.461
 ,PHENOL, , , ,49.061,.,49.061
 ,POLYCYCLIC AROMATIC COMPOUNDS, , , ,302.894,.,302.894
 ,SELENIUM, , , ,0.00356,0,0.00356
 ,SILVER, , , ,0,0,0
 ,STYRENE, , , ,0.118,.,0.118
 ,TOLUENE, , , ,698.1,.,698.1
 ,XYLENE (MIXED ISOMERS), , , ,596.98,.,596.98
92,"CHEVRON MONTEBELLO TERMINAL.601 S VAIL AVE, MONTEBELLO CALIFORNIA 90640 (LOS ANGELES)",90640CHVRN601SV,34.005,-118.123,"1,818.10",0.4,"1,818.50"
 ,"1,2,4-TRIMETHYLBENZENE", , , ,92,0,92
 ,BENZENE, , , ,191,0,191
 ,"BENZO(G,H,I)PERYLENE", , , ,0,0,0
 ,ETHYLBENZENE, , , ,57,0,57
 ,LEAD COMPOUNDS, , , ,0,0.4,0.4
 ,N-HEXANE, , , ,730,0,730
 ,NAPHTHALENE, , , ,4,0,4
 ,POLYCYCLIC AROMATIC COMPOUNDS, , , ,0.1,0,0.1
 ,TOLUENE, , , ,442,0,442
 ,XYLENE (MIXED ISOMERS), , , ,302,0,302
93,"CHEVRON PRODUCTS CO DIV OF CHEVRON USA INC.324 W EL SEGUNDO BLVD, EL SEGUNDO CALIFORNIA 90245 (LOS ANGELES)",90245CHVRN324WE,33.908,-118.411,"1,240,614.31","114,992.00","1,355,606.31"
 ,"1,2,4-TRIMETHYLBENZENE", , , ,"2,750.00",648,"3,398.00"
 ,"1,3-BUTADIENE", , , ,37,.,37
 ,"2,4-DIMETHYLPHENOL", , , ,26,95,121
 ,AMMONIA, , , ,"197,430.00",.,"197,430.00"
 ,BENZENE, , , ,"1,082.00",20,"1,102.00"
 ,"BENZO(G,H,I)PERYLENE", , , ,7.9,98.5,106.4
 ,CARBON DISULFIDE, , , ,"1,700.00",.,"1,700.00"
 ,CARBONYL SULFIDE, , , ,"1,900.00",.,"1,900.00"
 ,CHROMIUM COMPOUNDS(EXCEPT CHROMITE ORE MINED IN THE TRANSVAAL REGION), , , ,125,591,716
 ,CRESOL (MIXED ISOMERS), , , ,36,40,76
 ,CYANIDE COMPOUNDS, , , ,290,.,290
 ,CYCLOHEXANE, , , ,628,.,628
 ,DIETHANOLAMINE, , , ,79,"4,700.00","4,779.00"
 ,DIOXIN AND DIOXIN-LIKE COMPOUNDS, , , ,**, ,ETHYLBENZENE
 ,ETHYLENE, , , ,"1,470.00",.,"1,470.00"
 ,HYDROCHLORIC ACID (1995 AND AFTER ACID AEROSOLS ONLY), , , ,"2,400.00",.,"2,400.00"
 ,HYDROGEN CYANIDE, , , ,"3,000.00",.,"3,000.00"
 ,ISOPRENE, , , ,7,.,7
 ,LEAD COMPOUNDS, , , ,49.6,"1,091.20","1,140.80"
 ,MERCURY COMPOUNDS, , , ,18.2,11.5,29.7
 ,METHANOL, , , ,"28,020.00",.,"28,020.00"
 ,MOLYBDENUM TRIOXIDE, , , ,7,231,238
 ,N-HEXANE, , , ,"2,769.00",.,"2,769.00"
 ,NAPHTHALENE, , , ,584,489,"1,073.00"
 ,NICKEL COMPOUNDS, , , ,351,"30,501.00","30,852.00"
 ,NITRATE COMPOUNDS, , , ,"940,000.00",.,"940,000.00"
 ,PHENOL, , , ,201,41,242
 ,POLYCYCLIC AROMATIC COMPOUNDS, , , ,45.6,803.8,849.4
 ,PROPYLENE, , , ,"14,300.00",.,"14,300.00"
 ,SULFURIC ACID (1994 AND AFTER ACID AEROSOLS ONLY), , , ,"26,330.00",.,"26,330.00"
 ,TETRACHLOROETHYLENE, , , ,55,2,57
 ,TOLUENE, , , ,"3,818.00",294,"4,112.00"
 ,XYLENE (MIXED ISOMERS), , , ,"6,007.00",295,"6,302.00"
 ,ZINC COMPOUNDS, , , ,"3,540.00","74,897.00","78,437.00"
94,"CHEVRON VAN NUYS TERMINAL.15359 OXNARD ST, VAN NUYS CALIFORNIA 91411 (LOS ANGELES)",91411VNNYS15359,34.179,-118.468,"1,058.10",0,"1,058.10"
 ,"1,2,4-TRIMETHYLBENZENE", , , ,122,0,122
 ,BENZENE, , , ,62,0,62
 ,"BENZO(G,H,I)PERYLENE", , , ,0,0,0
 ,ETHYLBENZENE, , , ,64,0,64
 ,N-HEXANE, , , ,273,0,273
 ,NAPHTHALENE, , , ,5,0,5
 ,POLYCYCLIC AROMATIC COMPOUNDS, , , ,0.1,0,0.1
 ,TOLUENE, , , ,241,0,241
 ,XYLENE (MIXED ISOMERS), , , ,291,0,291
95,"CHROMAL PLATING CO.1748 WORKMAN ST, LOS ANGELES CALIFORNIA 90031 (LOS ANGELES)",90031CHRML1748W,34.063,-118.214,1.2,0,1.2
 ,LEAD COMPOUNDS, , , ,1.2,0,1.2
96,"CIRCUIT SERVICES LLC.18634 PARTHENIA ST, NORTHRIDGE CALIFORNIA 91324 (LOS ANGELES)",91324CRCTS18634,34.228,-118.54,0,0.56,0.56
 ,LEAD, , , ,0,0.56,0.56
97,"CLOUGHERTY PACKING LLC.3049 E VERNON AVE, LOS ANGELES CALIFORNIA 90058 (LOS ANGELES)",90058CLGHR3049E,34.007,-118.219,"32,400.00",.,"32,400.00"
 ,AMMONIA, , , ,"32,400.00",.,"32,400.00"
 ,NITRIC ACID, , , ,0,.,0
98,"COMMERCE REFUSE-TO-ENERGY FACILITY.5926 SHEILA ST, COMMERCE CALIFORNIA 90040 (LOS ANGELES)",90040CMMRC5926S,33.995,-118.154,5.95,"3,079.54","3,085.49"
 ,BARIUM, , , ,0,24.12,24.12
 ,COPPER, , , ,0,244.4,244.4
 ,LEAD, , , ,0.44,"2,811.00","2,811.44"
 ,MERCURY, , , ,5.51,0.02,5.53
99,"CONCORDE/INTERSPACE BATTERY CORP.2009 SAN BERNARDINO ROAD, WEST COVINA CALIFORNIA 91790 (LOS ANGELES)",91790NTRSP2009S,34.091,-117.945,1.674,"2,933.99","2,935.66"
 ,LEAD COMPOUNDS, , , ,1.674,"2,933.99","2,935.66"
100,"CONSOLIDATED PRECISION PRODUCTS CORP.4200 W VALLEY BLVD, POMONA CALIFORNIA 91766 (LOS ANGELES)",91766TLDYN4200W,34.035,-117.825,255,"2,926.60","3,181.60"
 ,DIISOCYANATES, , , ,5,"2,350.00","2,355.00"
 ,LEAD, , , ,0,576.6,576.6
 ,TRIETHYLAMINE, , , ,250,.,250
